Auth_ms,Pagos_ms,Busqueda_ms
115.0,335.0,164.0
94.0,246.0,219.0
121.0,242.0,140.0
124.0,232.0,180.0
81.0,282.0,195.0
90.0,300.0,208.0
112.0,256.0,211.0
105.0,231.0,214.0
110.0,231.0,180.0
97.0,283.0,176.0
123.0,286.0,216.0
122.0,279.0,184.0
111.0,237.0,152.0
127.0,268.0,156.0
117.0,264.0,162.0
97.0,268.0,205.0
116.0,291.0,194.0
96.0,268.0,211.0
123.0,284.0,177.0
109.0,262.0,195.0
107.0,270.0,209.0
100.0,282.0,181.0
128.0,209.0,204.0
108.0,249.0,170.0
104.0,244.0,179.0
105.0,238.0,179.0
118.0,250.0,154.0
115.0,312.0,205.0
116.0,820.0,176.0
116.0,940.0,610.0
